PID,Blame myself when something goes wrong,Have been richly blessed in my life,Having good friends is important for me,Spend time reflecting on things,Treat all people equally,Often feel that others laugh or talk about me,Use others to get what I want,Am friendly with most people,Feel frustrated when I don't get my own way,Blame others when something goes wrong,Don't like to talk about my achievements,Feel bad when I cause trouble for other people,Like being part of a team,Like most people,Hate to see others suffer,Hold firm opinions about many things,Often stop working if it becomes too hard,Want to get things done without anyone's help,Demand quality,Often tell lies,Am willing to accept responsibilities,Can maintain interest in something for a long time,Buy only the things I need,Enjoy flirting,Consider myself good-looking,Get upset if objects are not arranged properly,Check on things more often than necessary,Am willing to make sacrifices for a greater cause,Believe that what I do makes little difference in the world,Am afraid of many things,Worry about what people think of me,Am satisfied with my relationships,Become anxious in new situations,Don't mind others making fun of me,Am happy to see others doing well for themselves,Don't think about mistakes that I have made,Enjoy social gatherings,Have no need for close friendships,Want to be in charge,Often feel tired,Love to learn new things,Get deeply immersed in music,Learn quickly,Prefer variety to routine,Often think about my experiences and emotions,Believe that everyone should have a say,Treat all ethnicities and religions equally,Enjoy hurting others,Easily apologize when I have been wrong,Consider myself healthy for my age,Talking with others energizes me,"After a stressful day, I need some time alone to relax",Please respond 'Moderately inaccurate' to this item
53a18b8ffdf99b79ca51df6e,6,4,5,6,5,4,4,5,5,2,2,6,3,4,6,6,1,5,4,4,4,4,1,4,4,4,2,5,4,3,4,2,3,1,5,1,5,1,2,4,6,6,6,3,6,6,5,1,4,2,5,5,2
55d0e4d334e9060005e574c7,3,5,5,6,2,5,1,5,4,2,2,5,2,3,5,5,4,5,5,4,6,4,5,6,5,3,4,4,5,6,5,1,5,5,5,2,2,2,4,4,5,6,5,4,6,5,2,1,6,4,2,6,2
56fad9e4997828000c802706,4,4,4,4,5,3,3,5,5,4,4,4,4,4,5,4,3,4,4,3,5,4,4,4,3,4,5,4,4,3,3,3,4,4,4,4,4,3,3,4,5,3,5,3,4,5,4,1,5,4,3,5,2
57daa4ae13345400011701e1,4,5,3,4,5,2,3,5,4,2,3,3,4,3,4,3,2,5,5,2,5,5,5,3,2,2,5,3,4,2,2,4,3,3,4,2,4,4,2,4,6,5,5,5,3,4,5,2,4,5,3,6,2
587905adc34844000174ee45,4,4,3,3,4,3,3,4,3,3,3,3,3,4,3,4,2,3,4,3,4,4,3,3,3,3,3,3,4,3,3,4,3,2,3,3,2,4,2,3,5,3,3,4,4,3,4,2,3,4,3,4,2
589630d22a697d0001cfca12,5,5,4,5,3,4,4,2,5,5,2,5,2,2,5,5,2,5,6,5,5,5,4,1,1,3,5,5,5,4,5,2,6,2,5,1,2,5,5,4,6,4,5,3,5,4,4,3,3,5,1,6,2
58fd1e751178370001dd35bb,5,4,4,6,4,5,2,4,5,1,6,5,5,3,2,4,3,5,5,2,5,5,2,2,2,6,5,5,4,3,3,4,3,5,6,1,2,5,6,6,5,6,5,2,5,5,4,1,6,2,5,6,2
5956a45f3bc7aa000103688f,6,4,6,5,5,5,1,4,5,4,4,6,3,2,6,5,2,6,5,3,4,2,4,5,2,2,5,3,5,4,5,4,6,1,5,1,4,1,2,4,6,4,5,6,6,5,6,1,5,5,2,5,2
597ba81afd9fe500011672e2,4,4,4,1,6,6,2,4,5,5,3,6,3,2,4,4,4,4,6,3,5,4,3,2,2,5,6,4,5,3,6,4,6,1,2,5,3,5,3,4,6,2,6,2,1,4,5,1,1,4,4,5,2
59922ece7d29e70001730450,3,4,5,5,5,2,4,5,5,2,4,5,6,5,5,5,5,4,6,2,5,4,5,5,4,5,5,5,4,2,2,4,3,3,5,2,4,1,2,4,6,5,6,5,5,5,3,1,5,5,5,5,2
59c4dcdb5535800001a8e154,4,1,5,5,2,4,3,3,5,3,4,5,4,3,5,6,3,5,6,3,5,4,3,3,4,4,6,5,6,2,3,4,4,3,4,1,4,3,6,5,5,4,4,2,5,5,6,2,4,6,2,6,2
59d65ad8e2762800015eb51b,1,6,6,5,6,1,1,5,1,2,3,4,6,4,6,5,3,4,6,1,6,6,5,4,5,4,3,5,1,2,2,6,2,1,6,3,6,1,5,2,6,4,6,5,4,6,6,1,4,5,5,6,2
59e89bb7e75b450001a69461,4,4,6,6,6,6,1,6,2,1,3,6,4,6,6,4,4,6,1,1,3,4,6,6,1,6,1,5,1,1,4,1,4,1,6,1,4,3,4,3,6,4,4,3,6,6,6,1,6,4,4,6,2
5a171be30fff620001a6d547,4,4,5,3,6,5,2,4,5,3,4,5,4,3,4,3,4,4,5,2,4,3,3,4,2,4,4,3,6,4,4,2,4,1,6,1,4,3,4,4,4,3,3,3,3,5,6,2,6,2,4,4,2
5a1cddb4087f2e0001eafb99,6,1,3,6,5,4,3,5,5,2,4,6,3,4,6,4,2,5,5,2,5,3,5,5,3,6,6,4,4,6,4,1,6,3,6,2,1,4,4,6,5,2,5,1,6,5,5,1,6,2,5,5,2
5a215edcc3e60a0001780c3c,6,4,5,6,3,6,4,3,5,4,6,5,3,2,4,5,3,4,4,4,6,5,3,4,1,5,6,1,6,5,5,2,6,1,2,1,2,3,4,6,5,5,4,3,5,5,4,1,6,3,5,5,2
5a3b9bc1aae7f00001f99f21,4,4,6,3,6,2,5,5,4,3,3,5,5,5,5,6,3,5,5,3,5,5,6,3,5,1,5,3,4,2,3,5,2,5,5,5,5,1,6,2,6,6,6,5,3,5,6,2,3,4,5,5,2
5a463b8c56ec1100014a3100,6,6,6,6,6,4,1,6,4,1,6,6,6,5,6,5,1,6,6,1,6,6,1,1,4,1,4,6,4,4,1,6,6,2,6,1,3,1,2,6,6,1,6,4,6,6,6,1,6,3,4,6,2
5a4a652366e7880001de63a1,5,4,5,6,4,3,1,5,2,3,5,6,4,5,4,4,5,4,5,3,4,4,5,5,4,4,4,4,1,2,5,3,5,4,5,2,4,1,2,5,6,4,4,4,5,6,5,1,5,4,3,6,2
5a6f9ac482968f0001a6a158,5,2,3,6,4,3,1,5,4,2,3,5,1,2,4,2,3,6,3,1,2,6,3,1,1,1,5,4,4,4,4,4,6,1,4,2,1,4,1,6,6,3,5,4,5,5,4,1,2,1,1,6,2
5a786f05eea3d300016deda2,5,2,5,5,6,4,3,4,4,3,5,5,5,3,6,2,4,5,5,1,3,2,5,1,2,2,4,6,2,3,5,2,6,2,4,2,4,2,5,5,5,6,5,5,4,6,6,2,5,4,3,4,2
5a85818117ef3500017089f7,6,4,6,5,2,6,3,5,6,4,5,6,5,2,6,4,6,4,5,4,4,4,5,6,4,3,3,3,5,6,6,2,6,1,4,1,5,2,4,6,4,5,2,3,6,4,2,2,4,4,4,5,2
5a8d42df1904200001563fbc,5,4,5,5,6,3,3,4,5,4,4,6,4,4,5,5,3,5,4,3,5,6,5,4,5,4,5,5,5,3,4,4,5,2,5,3,5,1,3,4,6,5,4,3,5,5,6,2,5,5,3,5,2
5a8f4907b093f80001a83cbe,4,5,6,5,4,5,3,6,5,3,4,5,4,5,4,3,3,5,5,3,5,4,5,4,5,5,4,4,5,4,6,5,5,2,4,2,5,2,5,3,5,3,5,4,5,5,4,1,5,5,4,5,2
5aad8499e1546900019aef29,6,5,4,4,6,5,5,6,4,5,4,4,2,5,5,5,4,5,5,3,6,5,4,2,1,4,4,4,5,3,6,1,4,1,5,1,1,4,5,5,6,4,6,2,5,5,6,1,5,1,1,6,2
5ac607f668b65b00018d60fa,6,4,6,4,6,2,3,4,4,2,5,5,5,5,6,5,1,4,5,4,6,5,2,4,3,4,4,6,3,6,6,5,6,4,6,3,5,1,4,6,6,1,5,3,5,5,6,1,5,3,4,6,2
5acb457ce1546900019c3e6c,6,5,6,5,5,4,2,5,4,3,5,6,5,4,5,5,3,4,5,2,5,4,4,1,1,1,5,5,5,2,5,2,5,3,4,1,2,1,2,5,6,3,5,6,5,6,5,1,5,4,3,5,2
5ad93fa080491c000142d619,5,3,5,6,5,4,3,4,4,3,5,4,4,3,4,4,4,5,4,4,4,3,3,3,2,5,4,4,2,4,5,4,5,2,3,1,4,3,2,6,5,5,4,4,5,4,5,3,4,3,4,5,2
5ae5db897edeb000014a85ee,5,6,6,6,5,2,2,5,4,2,3,6,4,5,6,4,2,3,4,3,5,6,5,5,5,4,4,5,5,3,4,6,4,2,5,1,4,3,4,4,5,4,4,3,6,6,4,1,5,4,2,5,2
5aeb368c2dd3400001786f61,5,2,5,4,4,4,4,5,3,4,2,5,5,5,3,4,2,5,4,2,4,3,1,1,2,1,5,2,6,5,5,4,6,3,5,3,3,3,2,5,5,2,5,3,4,2,4,1,5,3,1,6,2
5aeb85389457e0000105278c,5,4,5,5,5,5,3,6,4,4,6,6,4,5,5,5,2,5,5,3,4,4,6,1,4,5,6,4,5,5,6,5,6,1,4,1,2,2,2,4,6,5,6,2,5,5,6,1,4,6,2,6,2
5af0c1790eca060001b13b07,5,1,5,4,3,4,3,4,4,3,3,4,3,3,5,5,3,4,5,1,3,4,5,4,2,4,5,4,5,2,4,2,4,3,4,2,4,3,3,4,5,5,5,3,4,4,2,1,5,3,4,5,2
5afed988c6cbf1000105cf3a,5,5,2,4,6,5,1,6,2,1,5,6,2,4,5,4,5,5,4,1,4,5,6,1,4,4,6,4,5,5,6,5,6,2,4,2,1,5,5,5,4,4,4,2,5,5,6,1,6,5,2,5,2
5b04bbd4b98c410001adb8db,5,4,6,6,5,3,1,5,5,3,4,6,4,3,6,6,3,6,6,2,5,6,2,4,6,4,6,6,4,4,4,6,6,6,5,4,3,1,5,1,6,6,6,5,5,6,6,1,2,6,6,5,2
5b0a9b13444cef0001ca2b32,5,4,3,4,3,4,1,4,5,2,3,6,1,2,2,6,4,5,4,4,4,6,1,1,2,4,3,2,6,4,4,2,6,4,3,2,1,2,4,6,5,4,2,1,5,3,2,2,3,2,1,6,2
5b110955c85dc4000162058f,5,6,6,4,5,4,2,5,4,4,3,5,5,4,6,4,2,6,4,3,5,5,4,3,3,4,4,6,4,3,4,6,3,5,6,1,5,2,5,5,4,3,5,3,5,6,6,1,5,4,5,5,2
5b13da851e55760001ba009a,5,6,6,5,6,1,1,6,1,1,6,1,6,6,6,6,1,6,5,1,6,6,1,1,2,4,6,6,1,1,4,6,1,3,6,2,6,3,1,1,6,4,6,3,6,6,6,1,6,6,6,6,2
5b1791a7c9d3cb00010fe3c3,3,3,5,6,2,2,4,4,3,2,4,5,3,1,3,3,4,5,4,3,5,4,5,4,4,4,5,3,5,4,3,4,4,4,5,2,2,2,3,6,4,5,4,2,6,5,5,3,4,4,3,6,2
5b1a86044c72120001f1ec4d,4,3,6,5,6,2,1,5,4,2,5,6,4,4,6,5,2,4,3,1,5,5,5,2,2,3,3,5,5,3,4,4,4,2,5,1,4,1,3,5,5,6,5,4,5,5,6,1,4,4,4,5,2
5b23e494ac467800010cfdac,6,3,4,6,6,5,1,4,4,2,3,6,4,3,5,3,3,5,6,3,4,2,3,4,1,2,5,5,2,5,6,4,5,2,6,2,2,3,4,6,6,6,4,5,5,6,6,1,6,3,1,6,2
5b264e0c0ec82d0001d207eb,5,3,2,4,5,5,2,4,4,3,5,5,4,4,4,4,3,5,4,4,4,2,4,3,3,5,4,4,5,5,6,3,6,2,4,2,2,4,4,5,4,4,4,4,2,5,4,3,5,3,3,5,5
5b26dc24a7cee100011dae53,4,4,4,6,6,3,3,6,4,3,2,6,4,4,6,4,3,3,4,1,5,4,4,6,4,3,6,4,1,4,5,4,4,2,6,1,4,3,3,3,5,6,2,6,6,6,6,1,3,5,4,5,2
5b3158ba532e3d00018e324a,5,4,5,4,5,4,2,5,4,3,4,5,4,4,5,5,4,4,4,2,5,4,3,5,4,4,5,3,4,4,4,4,5,3,6,4,3,3,3,5,5,6,4,3,4,5,6,1,4,4,3,6,2
5b58be8a51ac08000194fcd4,5,4,5,4,5,3,2,5,4,4,3,6,4,3,6,5,5,4,4,6,5,4,4,4,2,3,5,6,3,4,6,5,5,5,5,2,5,2,3,5,5,5,5,2,4,6,6,1,5,4,3,6,2
5b6234eb71cc6300012e2616,4,3,6,5,5,5,5,6,4,2,4,5,4,3,6,6,3,5,6,2,6,5,3,4,5,4,5,5,5,5,5,2,6,2,6,2,3,2,5,5,4,6,4,2,5,4,5,2,6,4,6,6,2
5b68c9eb87af310001584803,4,2,5,2,5,5,1,2,4,1,6,4,2,4,4,5,2,6,3,1,6,1,6,5,1,1,4,4,5,3,5,1,5,2,1,4,4,4,1,5,5,1,5,4,4,6,6,1,6,5,2,6,2
5b706b7760d30c000176abf5,5,6,5,4,4,4,4,4,4,3,5,4,5,3,5,5,3,5,6,5,4,4,4,3,5,6,4,4,3,5,4,5,4,2,5,3,4,2,5,5,5,5,6,3,4,5,6,3,5,3,4,5,2
5b881d46a55bb900018b07ca,1,5,6,6,6,3,2,6,1,1,1,6,6,4,6,5,1,5,6,3,6,1,5,5,5,1,4,6,6,2,1,5,1,6,6,1,6,1,6,2,6,6,5,6,6,6,6,1,5,6,6,6,2
5b8d6ff54f3d5f0001ad91bb,3,4,4,5,3,2,2,5,4,4,4,5,2,2,5,4,4,5,4,2,4,4,3,3,4,4,2,4,5,2,5,5,5,5,5,2,4,4,5,5,5,5,5,3,4,4,3,1,3,4,4,5,2
5b9335109665440001c74437,4,4,6,4,4,2,3,5,4,4,4,5,5,4,6,5,4,4,4,3,4,4,5,4,3,3,4,4,4,4,4,5,5,4,4,2,5,1,3,5,5,5,4,3,4,4,5,1,5,3,5,5,5
5b93d1913dca6000012c5fdc,2,3,5,3,4,1,2,5,3,2,3,4,5,1,3,4,1,4,5,1,5,5,3,6,6,4,4,3,4,3,2,5,3,1,4,2,5,2,5,4,6,5,5,4,5,5,5,1,5,4,5,5,2
5ba91da26928030001928a23,5,4,5,4,6,4,1,3,3,2,5,6,3,3,6,5,3,6,3,4,5,3,2,4,2,2,3,5,4,5,6,3,6,3,5,2,1,3,1,5,5,5,3,3,3,5,6,1,3,5,3,5,2
5baf8732f1f9ba00013f804d,4,3,6,4,6,4,1,6,4,3,5,5,5,4,6,2,5,1,6,2,6,4,4,3,5,3,4,5,5,4,4,1,5,4,6,4,4,1,1,6,4,4,4,4,4,6,6,1,6,5,4,6,2
5bc2e0ec4f3bfd00012e97b5,4,4,6,5,6,3,1,6,4,2,2,6,6,5,6,6,2,5,6,1,6,6,2,4,5,4,5,6,2,2,6,6,2,3,6,4,6,1,6,3,6,6,6,6,5,6,6,1,6,5,6,4,2
5bc8dc6f55f2fc0001391eaa,4,4,3,3,3,5,3,3,3,5,5,3,4,5,4,4,4,3,3,3,5,4,5,3,4,4,3,5,5,5,3,4,5,3,4,2,5,1,3,4,2,5,4,2,3,5,3,2,5,5,5,3,2
5bd4944a72eb1f0001efb198,4,6,6,5,2,3,2,4,3,2,5,6,5,3,6,5,2,4,5,1,4,6,6,1,3,1,4,6,2,2,4,3,5,3,6,2,4,2,3,2,6,4,4,2,5,3,2,1,6,5,4,4,2
5bd7b20cb1b6410001e5c49a,6,5,6,4,5,4,2,5,4,5,5,6,6,6,6,5,5,4,4,4,5,4,2,3,2,4,5,4,5,2,4,6,4,4,6,1,3,3,3,6,6,2,5,2,5,6,5,1,3,1,4,5,2
5bdca92f76d6d50001bc2f4c,4,2,5,5,5,3,2,5,2,2,3,4,5,4,5,5,3,5,4,4,5,5,2,4,4,5,4,5,3,3,5,3,3,2,5,2,5,2,5,4,4,5,5,5,5,5,5,2,4,5,5,5,2
5be0a4f8c83f480001a9d302,5,4,6,5,2,5,3,5,5,3,3,4,5,3,5,5,4,4,5,3,4,5,3,4,5,4,4,5,5,4,6,5,5,3,4,3,5,3,3,6,5,6,5,3,4,4,2,2,5,5,4,6,2
5be385ba24f70e00018b0024,5,5,6,5,6,6,1,6,3,2,5,6,5,5,6,5,2,3,4,2,4,4,5,3,4,2,6,4,3,5,4,6,6,3,5,1,3,2,3,5,5,4,5,2,5,6,6,1,6,6,3,6,2
5be4aa359d676000019d5250,5,1,4,5,5,6,1,5,4,2,5,6,3,2,6,4,4,5,4,1,3,2,5,1,3,3,3,4,5,5,6,1,6,2,5,6,3,4,1,5,5,5,4,5,5,5,3,1,5,5,2,6,2
5be59ce3520a3300010e28a9,5,4,3,5,6,4,1,5,4,3,4,5,2,5,6,1,3,5,5,1,4,5,5,2,3,1,5,3,4,3,5,6,5,6,5,2,2,4,2,4,5,2,5,3,4,3,6,1,6,3,3,5,2
5bf6a378563c2d0001277daa,4,4,3,5,4,4,2,4,4,4,3,6,3,2,6,5,5,6,5,2,5,5,2,4,2,5,4,4,6,5,4,4,5,2,4,2,3,4,3,5,5,4,5,3,5,5,5,1,6,3,2,4,2
5bfcebb1a1f0500001020dae,5,3,4,4,5,2,2,5,3,3,6,5,5,2,6,2,3,3,3,4,4,5,3,2,2,2,3,3,5,2,3,4,5,5,5,3,1,1,1,6,3,5,4,3,5,5,4,1,5,5,1,6,2
5bfd4ac2aa5fa30001365d96,4,5,5,4,6,2,1,5,2,3,4,5,4,5,6,4,4,4,4,2,5,4,5,4,5,5,4,4,4,3,5,5,3,4,6,3,5,1,4,5,5,4,4,3,4,4,5,1,5,5,4,5,2
5bfd745a8acfed00011a6975,3,4,6,5,6,4,4,5,5,4,4,5,4,3,5,3,2,4,5,1,4,5,3,3,4,4,4,4,4,3,4,5,5,2,5,2,4,1,4,4,5,3,4,3,5,4,6,1,3,5,4,6,2
5bfe64c6c83f04000142bb36,4,4,5,4,4,2,4,5,4,4,4,5,4,3,3,4,4,4,5,3,5,4,4,4,4,4,3,4,4,4,2,6,4,4,4,3,4,2,4,5,4,3,3,4,5,5,4,2,5,3,3,2,2
5bfec64050b9e10001c499e5,6,4,6,5,5,6,1,5,2,1,6,6,4,3,6,5,2,3,5,4,5,5,4,3,2,4,5,5,5,5,4,3,5,3,6,2,3,2,3,6,5,4,4,4,5,5,6,1,5,2,4,6,2
5c02b1bad84faa0001489709,4,4,4,4,4,3,4,4,4,3,4,4,4,4,3,4,3,4,4,3,4,4,3,3,4,4,4,4,3,3,4,4,4,4,4,3,4,3,3,4,4,4,4,4,3,3,4,3,4,4,3,4,2
5c07c22ceea895000101d4b8,5,2,6,5,4,4,2,5,4,3,3,5,5,3,5,5,3,5,5,4,5,4,3,6,4,1,6,4,5,5,5,6,6,4,5,1,4,2,3,6,5,6,6,4,6,6,5,1,5,4,3,6,2
5c0f111d52bf070001d27721,6,3,5,4,4,2,2,5,4,3,6,4,4,5,6,5,3,5,5,3,4,6,4,1,4,3,4,5,5,4,3,5,5,4,6,2,2,3,2,4,5,6,5,2,5,5,6,1,4,5,2,6,2
5c102aebe6eb4e0001b28736,5,6,6,5,4,4,2,6,5,2,5,6,4,3,6,4,2,4,5,1,5,5,3,2,3,5,5,6,4,4,5,6,5,2,5,2,6,2,4,5,6,5,5,5,5,6,5,1,4,2,6,5,2
5c1246ea72a5f1000117134b,5,3,5,5,5,5,5,6,3,2,4,5,5,5,5,5,5,5,4,2,4,5,5,3,2,3,5,5,2,4,4,4,6,3,4,2,4,4,2,4,5,6,4,2,5,5,6,2,5,4,4,5,2
5c155b98ce422b0001d733d6,5,5,6,5,6,5,6,5,5,5,5,6,6,5,1,6,1,5,6,1,6,5,5,6,6,5,6,6,6,2,1,6,5,5,6,1,5,1,6,1,6,6,6,5,5,6,6,1,5,6,4,5,2
5c1bfe962c45d40001470dd2,4,4,6,5,5,4,3,5,3,3,4,6,3,4,6,4,4,5,5,2,5,5,6,6,4,4,4,4,4,4,4,4,4,5,6,5,2,1,5,4,6,6,6,3,5,4,6,1,5,5,3,6,2
5c1ce6de4e0f2f00015bfaae,4,4,6,5,4,3,2,5,5,3,2,6,5,5,5,4,4,5,4,4,5,4,5,4,4,4,4,4,4,4,5,5,5,3,5,2,5,2,4,5,5,4,4,4,5,6,5,2,5,4,5,4,2
5c1cfb57e2d9150001b5975b,6,5,6,5,6,4,1,6,6,2,5,6,5,6,6,4,1,4,6,1,6,6,1,5,3,4,5,5,5,4,3,6,4,4,6,1,5,2,5,4,6,6,5,5,6,6,6,1,6,6,4,6,2
5c1d414110677f0001d9db1b,4,3,5,5,4,3,1,5,3,2,3,5,4,5,5,3,4,3,4,4,5,4,4,5,3,3,4,4,4,4,4,5,5,5,5,3,3,2,2,5,5,5,4,4,5,5,5,1,5,5,4,5,2
5c1d458ae2d9150001b5a234,4,4,5,6,6,5,3,5,4,3,4,6,5,5,6,5,3,3,5,2,5,5,5,3,4,4,4,5,3,4,2,4,3,3,6,5,2,2,5,2,6,4,5,6,5,5,5,1,5,5,5,6,2
5c1e3c9ce471fe0001bcac55,4,3,6,4,6,1,1,6,4,3,3,4,6,6,6,5,2,4,4,1,6,5,3,1,3,4,5,4,4,4,1,6,4,1,6,2,6,1,1,4,4,5,4,5,5,6,6,1,4,4,5,5,2
5c1ebfac38f2f000019c68f9,4,1,4,5,6,4,1,6,2,3,4,6,4,4,6,4,2,5,5,2,5,4,5,3,3,5,3,5,4,2,5,5,3,3,5,2,2,3,2,5,4,5,5,3,4,5,4,1,5,5,3,5,2
5c1f694cce8ff10001aa3e0b,4,4,5,3,3,4,4,4,3,4,3,4,4,5,4,3,4,3,4,2,4,5,4,4,4,4,4,4,4,4,3,5,2,5,3,3,4,4,4,4,6,4,5,2,3,4,3,2,4,4,5,5,2
5c1f8ab60091e40001c88b47,5,5,5,3,5,3,3,6,4,3,5,5,3,5,5,6,4,4,5,3,5,6,2,3,4,3,5,4,3,4,3,4,5,5,5,2,2,4,4,5,5,5,5,3,1,5,5,1,4,4,3,5,2
5c1fa4312c45d40001479abf,4,2,5,4,3,4,4,4,4,2,3,5,4,3,5,5,4,4,4,4,4,4,2,5,2,5,4,4,4,3,5,3,4,2,4,2,4,2,3,5,4,5,4,2,5,4,3,4,5,3,4,5,2
5c1fea2d29d54a0001f3e932,6,4,4,6,6,6,1,5,3,1,6,6,5,5,6,5,2,5,6,1,6,6,5,5,1,1,6,4,5,4,6,1,5,1,6,1,4,1,5,6,5,5,5,3,5,6,6,1,6,4,5,6,2
5c28408d10677f0001dbd5ff,4,5,5,4,6,2,1,5,4,3,6,6,2,4,5,4,3,5,4,2,5,4,3,4,3,4,2,4,3,3,4,4,5,3,4,1,2,3,3,4,5,6,5,3,4,5,6,1,5,5,3,6,2
5c2cfd833b9bae0001135324,3,6,4,6,6,5,4,5,5,4,6,5,5,4,5,4,5,5,4,4,4,5,5,5,4,5,5,4,6,4,5,6,5,6,5,5,5,5,5,4,5,5,5,5,5,4,6,6,4,6,4,4,2
5c2e15a5da51990001e446e0,5,2,6,6,5,4,3,5,5,4,3,6,5,4,5,4,4,4,5,3,4,5,3,6,3,4,5,5,4,6,5,2,5,1,5,1,5,2,5,5,5,4,5,5,5,5,2,1,5,4,4,4,2
5c3872541736360001471ca0,5,3,5,6,6,1,4,3,4,1,6,5,4,2,4,6,4,4,6,1,5,5,5,3,6,5,5,6,4,1,1,5,1,5,1,1,5,2,6,4,5,6,4,3,5,3,5,1,6,5,6,5,2
5c38a25719ceb400010c365d,4,2,4,4,4,3,2,5,4,3,3,5,3,4,4,5,5,4,4,2,4,2,5,4,4,3,4,4,4,3,3,3,4,4,4,1,4,3,4,5,3,3,2,3,4,4,5,2,2,1,4,6,2
5c3e040cdc2cf90001928019,5,4,6,5,5,3,2,5,4,2,3,5,5,5,6,4,2,4,4,2,5,5,3,4,4,4,4,4,3,4,4,4,4,2,5,1,5,1,4,4,5,5,5,4,4,5,6,1,5,3,5,4,2
5c3f31385c5fcf00015801cf,5,2,5,6,6,4,3,5,4,3,5,4,2,5,4,4,5,6,6,4,4,4,3,4,3,6,4,3,6,5,5,4,6,4,4,1,4,4,3,6,5,6,4,3,6,5,6,1,6,5,4,6,2
5c40568d12a2880001b11fcc,4,4,6,6,6,3,1,5,4,4,4,6,6,2,5,4,4,6,5,1,5,3,4,3,3,4,5,5,1,5,5,5,4,1,5,4,5,1,4,2,5,5,4,1,5,5,6,1,5,5,5,6,2
5c41be1e5f31a300012da676,3,4,6,5,4,3,2,4,3,3,4,5,3,3,5,4,4,4,4,2,4,4,3,3,3,5,3,4,3,3,4,6,4,2,4,3,3,2,3,4,5,4,4,4,5,4,5,1,3,3,4,5,2
5c430039e972300001ac04f3,6,4,6,5,5,4,1,6,6,2,4,6,3,5,6,3,1,2,4,1,6,4,2,4,4,5,5,6,3,5,5,6,4,3,5,1,4,1,3,3,4,5,5,1,6,6,5,1,6,4,2,6,2
5c486433929dc500011c908a,4,5,6,4,6,5,2,5,6,3,3,5,5,5,5,5,3,6,6,3,4,5,5,4,4,6,6,5,3,4,6,5,6,1,5,3,4,2,4,4,5,6,5,5,4,5,6,1,5,5,5,6,2
5c4a45dda8c31a000141a752,4,5,6,6,3,5,4,5,5,4,2,6,4,4,6,5,4,4,5,3,4,3,4,6,3,3,6,4,6,6,5,5,6,2,5,2,4,1,4,5,4,3,5,3,5,4,5,2,3,4,3,6,2
5c51b4d014aa5000015523f0,5,4,6,5,6,3,1,5,5,1,5,6,6,3,6,3,3,5,6,1,6,6,6,3,5,4,5,6,5,3,3,5,4,4,6,4,4,3,3,4,6,5,5,6,5,5,6,1,6,5,5,5,2
5c576a2cf7e3d700016b7d45,4,3,4,3,5,3,2,4,2,2,2,3,5,5,5,4,3,4,4,2,4,4,2,3,5,2,4,3,4,2,3,4,4,3,4,2,3,1,4,2,5,2,5,4,4,4,1,1,3,5,3,3,2
5c5ad8f02b7de10001b7830a,4,3,6,5,5,4,2,5,6,3,5,5,3,5,4,6,5,5,6,3,4,2,3,5,4,4,5,5,6,3,5,4,5,3,5,2,4,2,4,6,6,5,4,4,5,4,5,1,5,5,3,6,2
5c5bfae66e1e600001d65f3a,2,4,3,4,2,4,3,1,4,4,3,1,3,1,4,4,3,4,5,6,4,4,4,5,4,4,5,5,4,2,4,4,4,3,4,5,4,3,4,6,5,4,5,4,4,4,3,6,1,4,1,5,2
5c5c4c803b47870001fb235f,5,5,6,5,6,1,2,6,1,2,2,5,6,5,1,5,2,3,5,1,6,1,5,4,5,3,4,4,5,4,3,5,4,4,6,2,5,1,4,4,6,4,6,4,6,5,6,1,5,5,6,6,2
5c5c4f764ee81200018eaabe,4,6,6,5,6,2,1,5,4,2,4,6,5,6,6,3,3,5,6,4,5,6,4,6,5,5,4,5,4,4,5,5,4,2,6,3,3,1,3,4,6,5,5,5,5,6,6,1,5,6,4,6,2
5c5d73cf0edbd90001e1ee27,4,4,4,4,5,3,4,2,4,4,4,4,3,3,3,4,3,5,4,2,4,3,5,5,4,4,5,3,4,4,5,5,5,4,4,2,3,2,4,4,4,5,5,2,4,4,5,2,4,4,3,5,2
5c5d7b50632a9c0001291910,5,5,5,5,5,4,3,3,4,3,4,5,5,4,5,4,4,5,4,2,4,4,4,3,3,4,5,5,3,5,5,2,5,3,5,2,4,3,3,5,5,5,4,3,5,5,5,1,5,3,2,5,2
5c5ec928cc1bce0001ed5900,3,4,5,4,5,3,3,6,3,2,3,4,4,4,5,4,3,5,5,2,5,5,4,5,3,3,3,4,2,4,3,5,4,2,4,3,6,2,3,4,5,4,5,5,5,5,6,1,4,4,4,5,2
5c62fb7c0ee07c00012604f8,2,5,5,3,5,1,2,6,1,1,4,6,5,6,5,4,6,1,4,3,4,3,2,5,6,1,1,2,4,3,1,6,1,6,6,5,5,2,4,3,1,2,6,5,3,5,4,1,3,5,6,1,2
5c64934ba34e1e0001c01e29,5,3,6,6,2,3,2,5,5,4,6,6,5,5,6,5,5,2,4,2,3,6,6,5,5,4,5,5,2,5,2,6,3,2,6,1,4,1,5,5,6,5,5,3,5,4,6,1,6,6,4,6,2
5c655e3c42faef0001283e77,3,3,5,2,3,2,3,4,6,3,3,4,5,2,5,3,2,3,5,1,5,5,4,3,5,4,5,5,4,2,2,6,3,4,4,4,4,1,4,1,5,4,5,2,5,5,3,1,3,5,3,5,2
5c6c6d2a61fc7d0001459508,4,3,6,6,6,5,3,5,5,2,2,6,5,4,6,3,4,1,5,1,5,2,5,6,5,1,2,5,4,4,6,5,2,1,5,1,6,1,5,3,4,2,3,5,5,5,5,1,5,5,6,3,2
5c6dcf4e066f6b0001556e87,5,4,5,4,5,3,2,3,2,2,5,4,5,5,5,3,4,5,4,2,5,3,5,5,3,2,3,5,3,3,3,5,4,5,5,2,4,1,2,3,4,5,4,4,4,5,4,1,4,4,4,5,2
5c6fc2aae51f6c0001dd2fa1,5,3,6,5,6,1,1,5,3,1,3,6,6,4,6,5,1,5,5,2,6,6,6,5,4,5,5,4,4,4,4,6,5,1,6,1,4,1,2,2,6,5,5,4,5,6,6,1,3,5,6,6,2
5c7019188f31e7000161232b,6,3,6,5,3,5,3,5,5,2,4,5,2,3,6,5,2,6,4,4,5,5,3,5,3,5,5,4,6,5,4,4,6,1,5,1,3,1,2,5,5,5,5,2,6,4,5,4,5,4,4,6,2
5c748f00300d3d000126ef3b,3,6,5,6,6,1,2,6,1,1,6,6,4,1,6,6,1,6,4,2,6,6,6,1,4,1,5,6,1,4,4,6,5,1,6,1,1,5,1,5,6,6,6,1,6,6,1,1,4,6,6,6,2
5c7bee67a7e5ae001665c210,4,3,5,5,5,3,4,5,3,3,3,5,5,5,5,3,4,3,5,3,3,5,4,3,4,2,4,4,5,3,4,5,3,4,5,4,4,3,5,4,5,2,4,4,5,5,5,2,3,4,3,5,2
5c86addf4b443c000103ad14,5,6,6,6,5,4,4,6,5,1,2,6,6,4,5,2,1,1,5,1,6,5,3,5,5,2,6,3,4,4,5,5,1,4,5,2,6,1,6,2,6,4,5,6,6,5,5,1,6,5,6,5,2
5c86c14fa5b23d0001046192,5,3,4,3,4,4,2,4,4,3,4,5,4,3,4,3,2,5,4,2,4,6,3,4,4,5,5,4,4,4,5,5,5,2,3,1,2,1,4,4,2,6,5,1,5,4,4,2,6,3,2,4,2
5c8808230c07be00153e5743,5,4,6,5,6,3,1,5,4,3,4,5,5,4,2,5,5,4,6,3,4,4,5,1,4,4,4,6,6,4,5,5,5,4,5,2,5,1,3,4,5,4,3,4,5,2,4,2,6,5,4,5,2
5c88160f392ce000143ee1db,4,4,6,5,3,2,2,5,4,3,2,5,5,5,4,4,2,4,5,3,5,5,4,5,4,4,4,4,5,2,4,5,4,4,5,2,6,1,4,4,4,6,6,3,5,4,3,2,4,5,4,4,2
5c881eba146e370019e06fba,5,6,5,4,4,4,4,5,5,3,4,5,5,4,5,5,2,4,4,3,4,5,3,6,4,5,5,2,3,5,4,5,6,3,4,3,5,1,4,5,4,5,4,5,3,4,5,2,4,4,5,6,2
5c8af558d551550019d44308,6,5,5,5,5,4,1,4,5,1,6,6,6,5,6,5,1,6,6,5,5,2,4,4,4,4,5,5,3,5,5,4,6,2,6,1,5,1,4,5,5,5,5,5,5,6,6,1,5,3,2,6,2
5c8bbcad1200240017bb239a,3,3,5,4,4,4,3,4,4,3,4,4,4,4,4,4,4,4,4,4,3,4,4,3,4,3,4,3,4,3,4,3,4,5,4,3,4,3,4,6,4,4,4,3,4,4,4,3,4,3,4,6,2
5c8ee319a50921000171df06,5,5,5,4,5,3,3,5,3,2,4,4,3,4,5,4,4,3,3,3,4,4,2,4,3,4,5,4,3,5,5,4,6,2,4,3,4,2,3,5,4,4,3,3,5,5,5,2,5,5,4,5,2
5c926dcaa0c81d0001179b8c,6,6,5,6,5,5,3,3,5,2,4,5,5,1,5,6,2,5,5,4,5,5,6,5,4,3,5,5,5,4,4,5,5,2,5,1,1,2,5,4,6,5,5,5,4,5,5,1,4,5,3,6,2
5c93de86cf602b000170c25d,6,5,6,5,5,4,2,5,4,2,3,6,4,4,6,4,5,5,4,3,6,3,2,4,2,3,5,5,4,5,6,5,6,5,6,1,4,1,1,5,6,5,5,3,5,5,6,1,6,5,4,5,2
5c97b5f7cff9b20017cae6ee,3,2,5,4,2,1,1,5,4,3,6,4,4,3,4,5,6,3,4,2,2,4,4,4,2,2,3,3,6,4,4,3,6,5,4,1,4,3,2,5,4,2,4,2,5,5,1,1,3,4,2,6,2
5ca238f0fd2f4e00184ec34c,5,5,6,5,5,2,3,5,5,4,4,5,5,3,6,5,3,6,5,4,6,5,5,5,2,5,4,5,5,5,5,6,6,3,5,1,3,1,3,5,6,3,3,4,5,4,6,2,4,4,3,5,2
5ca333ab8001d50001c68a29,4,3,6,4,5,5,1,6,4,3,2,6,5,4,6,4,5,4,4,1,5,5,3,4,2,5,6,5,2,4,4,5,5,1,5,2,5,1,4,3,5,4,5,4,5,5,6,1,3,5,3,6,2
5ca335e948f78e0018fdb131,5,3,4,5,4,2,3,4,4,2,5,5,4,3,4,4,3,4,4,3,3,3,4,3,4,4,5,4,1,5,2,2,4,3,4,1,4,3,2,4,3,2,4,2,6,4,4,2,4,5,4,4,2
5ca48653ed23650001328d9d,6,5,2,4,5,6,2,5,5,3,5,6,1,4,6,4,4,6,5,2,4,5,4,2,3,4,5,5,5,5,6,5,6,2,4,2,1,5,4,4,4,5,5,2,6,6,5,1,6,5,1,5,2
5ca4da2305804c001414c997,4,4,4,5,6,2,2,4,4,4,5,5,3,4,6,5,4,5,3,4,4,5,5,3,3,2,5,3,3,4,2,5,5,5,3,2,3,2,2,4,4,6,4,3,5,5,6,1,2,5,4,5,2
5ca63f420862d200177477cd,5,1,2,6,4,3,2,4,6,3,3,6,1,3,6,6,3,6,6,4,6,4,4,4,2,4,4,6,6,6,6,3,6,1,4,2,1,3,5,4,5,4,4,3,6,5,6,1,4,3,2,6,2
5cab2c211a9e8d0015d8b8a7,5,1,6,4,6,1,1,6,5,1,6,5,5,6,4,5,3,4,1,1,4,4,5,1,1,3,3,3,6,4,3,1,4,4,6,2,2,1,3,6,4,1,3,4,4,6,6,1,6,1,4,4,5
5cad063d22389a0017fa6d7e,5,5,6,6,2,4,2,4,5,2,4,5,4,1,5,5,3,6,5,2,5,6,3,5,4,3,6,5,4,6,4,6,6,2,6,1,3,1,5,5,5,6,5,4,6,6,5,1,6,4,4,6,2
5cad0e3af11ec700178893bd,6,5,6,4,6,1,1,5,4,2,5,6,6,4,6,4,2,3,5,1,6,6,2,4,4,3,5,5,6,2,4,6,1,6,6,2,2,1,4,3,6,6,6,3,6,5,6,1,6,3,6,1,2
5cb23be15c3c93000184f27a,5,4,4,4,5,4,3,4,5,2,4,6,3,3,5,5,4,3,3,1,4,3,4,2,3,4,5,5,3,4,3,3,6,3,5,2,2,2,4,5,4,3,5,5,4,6,6,2,2,4,3,4,2
5cb5f044f72b860001b20ead,3,5,3,4,3,3,5,3,5,4,3,4,2,4,2,3,3,5,3,3,3,4,1,2,4,4,3,3,4,2,4,5,4,3,2,3,3,5,4,5,4,3,6,1,4,4,2,2,4,4,3,5,3
5cbdbdcae543e400133efa34,5,6,6,6,6,1,2,6,4,2,4,3,6,6,6,6,2,1,6,2,6,6,3,4,5,1,2,6,1,2,5,6,4,5,6,3,6,1,4,2,6,6,6,5,6,6,6,1,6,6,6,6,2
5cbf7fd0a1e26300171558a1,5,4,6,3,5,4,1,5,4,2,6,5,6,5,6,4,4,5,4,1,5,4,2,1,4,3,5,4,3,5,5,5,5,2,5,1,5,1,4,4,5,4,5,3,4,6,6,1,4,5,3,4,5
5cc0e3917dc8e10001a366d5,2,5,6,5,5,1,1,6,3,2,1,6,6,6,5,5,3,2,5,1,6,6,5,5,6,2,3,6,2,2,1,6,1,4,6,4,6,1,2,2,6,3,5,5,5,6,6,1,5,6,6,5,2
5cc2e2579402ad0018c3a3c1,4,2,6,4,6,2,1,6,5,1,5,6,6,6,6,4,2,4,4,1,6,6,5,5,5,6,2,6,5,1,2,5,2,6,6,4,6,1,1,1,6,6,5,6,5,5,6,1,6,5,6,5,2
5cc8c859a55959001760d733,5,5,5,5,5,4,4,6,5,4,3,5,3,5,6,5,1,6,6,4,5,3,2,4,3,4,5,6,2,2,6,4,4,1,5,1,4,1,6,5,5,4,6,1,5,5,6,1,3,5,4,5,2
5cc9b0bb9970120017fa5bc7,6,4,6,6,5,6,6,5,6,4,5,5,4,5,6,6,6,2,5,1,4,6,6,2,4,5,6,6,5,2,4,6,5,2,6,4,1,6,6,5,5,1,3,6,6,6,3,1,4,5,6,4,2
5ccc9ace9731e100191422ab,5,4,6,5,5,4,5,5,5,5,2,5,5,5,4,5,3,4,4,2,5,5,4,5,5,4,5,5,2,4,5,4,4,3,5,2,5,2,5,3,5,5,5,4,5,5,5,2,4,4,5,5,2
5ccf4862ac0d66000147f239,5,1,5,6,5,4,4,4,5,2,5,5,5,4,6,6,1,6,6,2,6,5,5,4,1,5,5,5,5,2,3,4,4,4,5,3,4,3,5,5,6,6,5,6,4,5,6,3,5,5,4,4,2
5cd42b0ee62009000103f6f0,6,1,6,6,6,6,1,6,6,4,6,6,6,6,6,6,6,1,3,1,5,6,4,6,4,6,6,5,1,6,6,3,6,1,6,1,6,1,3,6,6,6,4,1,6,6,6,1,6,1,6,6,2
5cd49645dd6659000170d5b7,3,6,6,6,6,1,6,5,4,1,5,6,6,6,6,6,1,3,6,1,6,6,6,2,6,5,5,6,6,1,1,6,1,5,6,1,5,2,5,1,6,4,6,6,5,6,6,1,6,6,6,5,2
5cd5cffad88b4400207b47c4,4,1,6,6,6,4,2,6,4,3,4,5,4,5,4,6,4,6,5,5,5,5,4,5,5,4,4,4,2,4,5,3,4,3,4,1,4,1,5,5,5,4,4,4,5,5,6,1,4,6,5,5,2
5cd7e678df739100011b1839,4,4,4,5,3,4,4,4,5,4,2,4,4,4,4,4,4,4,5,3,5,5,5,4,5,4,4,4,3,4,4,3,4,3,4,3,4,3,6,4,4,5,3,4,5,4,3,3,4,4,4,6,2
5cd9dd09c8e37500018ab627,6,3,6,5,6,4,1,6,3,1,1,6,4,6,6,5,1,6,1,1,6,6,1,2,4,6,6,4,2,1,6,6,5,4,6,1,5,4,2,4,6,6,5,1,6,6,6,1,6,4,6,6,2
5cdbccc61da1600019b00683,4,3,4,3,4,3,3,4,3,4,3,3,4,4,3,4,3,2,3,3,4,4,4,3,3,4,4,5,5,4,3,4,3,5,3,3,4,4,3,3,4,4,3,4,2,3,5,4,3,4,4,2,2
5cdbcdb89f75db0001411059,4,2,4,5,2,4,3,4,5,2,3,6,5,3,6,5,4,6,5,2,4,3,2,5,3,5,4,4,3,3,6,3,4,1,6,1,4,1,5,5,5,6,5,3,6,5,5,1,5,4,4,5,2
5ce3b74bec6e1e00014105c6,3,4,6,3,4,5,2,4,5,4,5,5,5,4,6,4,4,4,5,3,5,4,4,4,4,5,5,5,4,4,6,5,5,2,5,2,5,2,4,4,5,5,4,5,5,3,5,2,4,6,5,5,2
5ce91c637d2bca00171a6ea1,4,5,5,5,3,5,2,5,4,3,4,5,6,3,5,3,4,4,5,2,5,4,4,2,3,5,4,4,3,4,5,4,5,3,5,2,3,2,3,3,5,5,5,3,5,4,5,1,4,4,3,5,2
5ce98f015b78dd0019cb4760,4,5,6,6,6,1,2,5,4,2,5,5,4,4,5,5,4,4,6,3,5,5,4,5,5,3,3,4,2,3,3,6,5,4,6,2,5,1,4,4,5,5,4,4,5,5,6,1,5,5,5,5,2
5cea671ba20e6000170c5eaf,4,4,6,5,6,4,1,6,5,2,4,6,6,5,6,5,1,2,5,1,6,6,6,4,4,4,5,5,5,4,4,6,4,2,6,1,5,1,4,2,5,6,5,4,5,5,6,1,6,5,5,3,2
5cebf30d87f7840015ab03e9,4,5,6,6,4,3,2,6,4,3,4,4,5,5,4,4,5,4,5,2,5,4,3,4,5,4,3,4,3,3,5,5,3,4,5,2,6,1,2,3,4,5,5,4,6,4,5,1,5,5,6,5,2
5cf6b351db15c000155a7b2e,5,1,6,1,2,5,5,6,2,2,4,5,6,6,5,5,4,5,5,6,5,6,1,4,5,6,2,5,4,1,3,1,5,5,5,2,6,4,4,1,6,2,6,6,1,6,6,1,5,6,5,2,2
5cf6be530ade610016ab22e9,4,5,6,5,6,1,2,6,4,3,3,5,5,6,6,6,4,5,4,2,6,5,5,4,5,2,6,5,2,2,4,5,4,2,6,1,6,1,5,3,5,6,5,3,5,5,6,1,4,6,6,5,2
5cf9179b8c98dc0001d5a431,4,4,6,4,4,4,3,5,3,2,6,6,5,3,5,3,4,3,3,2,4,4,5,3,4,3,3,4,5,2,2,4,5,4,5,2,4,2,1,4,5,5,5,2,4,4,3,1,5,5,3,6,2
5cf958b0302ee700151b81cc,4,3,4,4,4,4,2,4,4,4,3,4,3,1,3,4,5,5,5,4,3,3,3,5,2,3,5,3,5,5,4,4,6,3,4,1,2,3,1,4,4,2,4,2,4,2,5,2,4,3,2,5,2
5cfe957e5995ce00010b837d,6,1,6,6,6,5,1,6,1,1,6,6,6,6,6,5,1,6,1,1,6,6,5,4,3,6,6,6,4,6,6,5,5,1,6,2,6,1,1,5,6,6,6,1,6,6,5,1,6,5,5,5,2
5d00dddfbd66ed0019622060,4,4,6,5,6,3,3,4,4,3,4,5,6,5,6,3,3,5,4,2,4,5,3,4,3,4,4,4,4,2,4,4,4,3,5,3,3,2,3,3,6,5,4,3,5,6,6,1,4,3,3,6,2
5d02ed8f7a3c0f0015cd3230,5,4,5,4,4,3,3,4,4,3,4,4,4,4,5,5,3,4,5,3,4,4,5,4,3,4,4,4,3,3,2,3,5,4,4,2,4,3,2,4,4,5,4,3,4,5,6,1,5,4,4,5,2
5d04134bbdeaa5001865e8a3,4,5,5,5,6,2,1,5,2,2,5,2,5,6,1,2,3,6,6,1,5,6,5,2,3,2,4,5,2,2,5,5,5,3,5,1,5,1,3,3,6,5,6,6,5,5,6,1,5,6,4,5,2
5d08b3624a11a80019d77b88,6,3,6,6,5,5,2,5,4,3,5,6,4,5,6,5,5,5,5,2,5,4,5,4,3,4,4,5,5,4,6,5,6,4,6,1,3,1,3,6,5,5,4,3,6,6,5,1,5,4,3,6,2
5d0a345d8d7a4b000172fb93,4,6,5,5,6,2,2,5,5,2,3,5,5,5,6,4,3,4,5,2,5,5,6,4,3,4,4,5,2,3,4,5,4,4,6,3,4,3,4,5,5,3,5,2,5,6,6,1,5,3,5,5,5
5d122eee638e48000172f8f3,4,4,6,5,4,2,3,6,4,2,3,5,5,5,5,5,4,5,5,3,5,3,5,6,3,2,3,4,3,3,4,5,3,3,5,3,5,3,5,4,5,4,4,5,5,5,4,2,5,5,5,5,2
5d1651741ae42000151bc19b,6,4,5,4,6,3,1,6,1,2,2,4,5,5,6,5,3,4,1,4,6,6,4,4,6,6,5,4,4,4,3,5,3,3,4,4,2,5,3,4,5,4,4,2,6,5,6,1,6,6,5,4,5
5d1cd0474cd073001a988c6f,4,1,3,2,3,5,4,2,5,4,5,2,2,1,2,5,3,6,4,4,4,4,2,3,1,4,4,3,1,3,3,4,5,1,3,1,2,1,4,4,4,5,4,3,5,6,5,4,2,1,3,6,2
5d21d09db1e50a001c19e98b,2,6,6,6,6,2,1,5,3,3,4,5,6,5,5,4,2,2,4,2,6,5,5,4,3,1,3,4,3,3,4,5,4,5,6,2,5,2,2,3,6,4,6,5,5,6,5,1,5,4,6,4,2
5d22feb0b8ed690016324476,5,5,4,4,4,4,2,6,5,4,3,4,4,4,5,5,5,5,4,4,5,5,2,4,4,5,5,4,5,3,6,5,3,5,5,4,4,1,4,5,4,6,5,2,3,4,5,2,5,5,4,6,2
5d245e26b6b9c20001d17b37,3,4,5,4,3,3,4,4,5,4,5,5,5,5,6,4,6,2,1,5,3,2,5,4,2,4,3,5,1,6,5,3,6,3,2,1,2,2,4,5,3,6,2,2,5,5,6,2,3,3,4,5,2
5d24e950d4ae76000172b3ff,5,2,4,4,6,6,4,6,6,3,6,6,4,5,6,6,6,6,5,4,5,4,5,1,1,4,5,6,6,6,6,1,5,1,1,2,1,3,6,5,4,6,5,3,5,4,6,1,6,6,1,6,2
5d26311d948902000131c225,4,4,4,3,4,3,3,4,4,3,4,4,4,4,4,4,3,4,4,3,4,4,4,4,3,3,4,4,3,3,3,4,3,4,5,3,4,2,3,3,5,5,3,3,4,4,4,2,4,4,4,4,2
5d2ca342f91bdd001ae993e6,4,3,5,4,6,4,3,5,5,3,4,4,3,2,4,6,2,4,5,2,4,5,3,1,2,4,5,4,2,4,6,4,6,3,4,3,2,3,2,5,6,5,5,2,4,6,6,3,5,4,4,6,2
5d2df120ccc2f80001945ff7,5,5,3,5,4,2,3,2,3,5,4,3,3,3,2,4,4,4,2,4,2,4,5,5,3,2,3,5,5,3,5,2,5,4,5,2,5,3,3,4,5,5,4,2,2,4,5,5,3,2,2,4,5
5d30429dfb16450016a7a0a9,4,3,6,4,3,4,5,3,5,3,3,4,3,3,4,6,4,6,4,3,4,4,3,6,4,4,4,4,4,3,3,4,2,4,5,2,4,1,6,4,6,6,5,5,5,4,5,2,3,5,5,6,2
5d3067ad3c028b001782ab68,5,3,6,6,6,2,1,5,2,2,5,6,2,5,6,4,3,5,3,3,4,4,5,4,4,4,5,3,5,2,2,3,4,5,6,1,2,2,4,5,5,5,4,5,6,6,6,1,5,4,2,5,2
5d30b8239e15d300190e3bd3,6,5,6,6,5,6,2,4,5,6,2,5,4,2,6,2,5,4,4,2,4,5,5,4,3,6,5,4,4,6,6,5,6,1,4,1,3,1,5,5,6,6,6,5,6,5,5,2,5,3,3,5,2
5d349520c5edfe001af7c86b,4,3,5,4,5,4,2,4,4,3,4,4,4,4,5,4,4,3,4,2,4,3,3,4,2,3,4,3,5,4,5,3,4,4,4,3,4,2,4,4,4,4,3,3,4,5,5,2,4,3,3,4,2
5d36e5a972282e0019605fa0,1,5,6,6,5,2,5,6,2,2,2,5,5,3,6,5,2,5,6,2,5,5,6,4,6,2,5,4,4,3,2,6,5,3,5,5,6,1,5,2,6,5,6,5,6,6,5,1,4,4,6,5,2
5d37038c2b53a200015ecb9d,3,2,3,5,4,4,2,5,3,2,3,3,4,3,5,5,2,5,5,3,5,5,6,4,5,2,4,5,3,2,3,4,3,2,4,4,4,4,4,5,5,5,5,4,5,4,4,2,4,6,4,3,2
5d374dad87890100159e52b3,3,2,2,4,5,2,5,6,5,6,2,2,3,4,3,4,4,5,6,4,4,5,2,5,3,5,5,4,5,2,4,5,5,1,4,4,5,5,3,4,6,5,4,5,5,4,4,3,4,4,5,6,2
5d3bfbebfd9694001a2d0f99,5,4,5,5,5,2,3,5,5,2,3,5,4,5,4,5,3,6,5,2,5,4,3,6,5,4,3,4,3,3,4,3,4,5,4,2,4,2,6,6,6,4,6,4,3,5,5,2,3,4,3,4,2
5d3eec0098afa00015f63a53,4,3,2,4,3,4,1,4,4,2,5,4,3,2,5,5,4,5,3,3,4,2,4,2,3,4,4,5,4,4,5,4,5,2,4,1,1,4,4,4,5,4,3,2,3,5,5,1,3,2,1,5,2
5d3f10e626d3fe0018148dcf,6,1,4,6,2,6,2,4,5,1,6,6,1,4,4,4,6,5,4,4,4,6,6,1,1,5,5,3,1,6,6,1,6,3,2,1,1,4,2,6,3,5,1,4,6,5,3,2,5,2,2,5,2
5d3f31768e62d3001557d365,4,2,6,4,5,1,2,3,4,2,5,6,2,2,4,4,5,5,5,1,5,3,4,3,5,5,6,4,4,3,1,2,4,5,4,2,2,2,2,4,5,5,5,2,3,4,6,1,5,5,2,6,2
5d40688398eff00001b7f3de,5,5,5,5,5,4,2,5,5,3,4,6,5,5,6,5,4,5,5,2,5,5,3,5,5,4,5,5,4,4,5,5,5,4,5,3,5,2,4,5,4,5,5,4,5,5,6,1,5,5,5,4,2
5d415382037fb000013a2dcb,5,5,6,6,5,5,1,4,4,3,4,5,6,3,4,5,6,4,4,4,3,4,4,4,5,4,5,4,4,3,6,5,4,2,4,2,4,2,2,5,5,5,4,4,5,4,6,1,4,5,5,5,2
5d4184574904cc00015d613f,3,5,5,5,6,2,1,5,3,2,4,5,3,3,6,4,3,5,3,2,4,5,3,4,4,3,3,5,5,4,3,4,4,4,4,3,5,2,1,6,5,6,5,2,5,6,6,1,4,3,3,6,2
5d44b29305b29200168e5129,5,3,5,5,5,2,5,4,4,5,5,4,4,4,5,4,5,5,3,5,5,4,5,3,6,4,5,5,4,5,2,4,5,6,4,4,5,4,6,5,4,4,4,4,4,5,2,2,5,2,4,5,2
5d4725646cdbdf001a122fea,4,5,6,6,5,2,4,5,4,2,3,6,5,5,5,4,4,2,5,2,5,3,4,5,4,5,5,5,4,4,4,1,4,2,5,1,5,1,4,6,6,3,5,6,6,5,6,1,4,4,6,5,2
5d482a21c46fcd0001238721,4,4,6,4,3,4,2,4,4,3,3,5,6,4,3,4,2,5,4,3,5,5,5,4,5,3,4,4,2,4,4,5,4,4,4,3,3,2,4,3,5,4,5,2,4,4,3,1,2,4,3,5,2
5d492209d8ee320001347509,4,6,5,3,3,5,5,4,6,4,2,5,3,3,4,6,5,2,4,5,4,3,2,6,5,4,3,3,2,5,6,4,5,4,2,2,5,2,5,5,3,5,3,5,4,3,3,3,3,3,4,6,2
5d49e19008bee60018f4ec9a,4,3,5,6,5,3,4,5,4,3,4,6,6,4,5,5,1,5,6,2,6,5,5,3,6,3,5,6,4,5,4,5,4,2,5,1,6,3,6,5,6,3,6,6,5,5,4,2,5,5,4,6,2
5d4eafaaf86d5f00011fdf3d,4,4,6,5,6,4,2,6,5,4,3,6,6,5,6,5,4,4,5,1,5,5,1,4,3,4,4,4,3,3,5,5,4,4,5,1,5,1,4,6,5,2,5,5,5,6,6,1,4,5,2,6,2
5d52b8dfd103e90018c68f5d,6,1,2,4,4,1,5,3,6,6,1,1,4,6,5,6,1,5,4,5,2,1,5,4,6,1,2,2,2,5,4,5,5,1,4,5,3,5,1,2,5,5,6,5,2,6,1,5,1,2,1,4,2
5d53dc4f93278500018f4e37,2,4,6,6,5,2,1,6,3,1,4,5,4,4,6,4,4,4,5,3,5,5,5,6,5,5,3,5,5,3,2,5,4,2,5,5,5,1,4,3,5,5,6,4,6,4,6,1,5,6,4,5,2
5d54678e182ac900184988c3,2,5,6,4,6,1,1,6,2,1,4,5,5,3,6,3,1,5,6,1,6,5,2,5,5,2,2,5,3,2,2,6,2,3,6,3,6,1,5,3,6,4,6,5,4,5,6,1,6,6,5,2,2
5d54f0201ec9200019957f52,5,2,6,4,5,2,3,5,4,2,4,5,5,5,5,5,1,5,6,2,5,6,3,6,4,4,3,5,2,2,4,1,5,6,6,3,6,1,4,5,5,3,6,4,4,5,5,1,4,6,5,6,2
5d5575339025920017fd271f,4,4,4,4,6,2,1,5,4,1,5,5,4,6,5,5,2,6,6,1,6,3,3,2,5,5,6,4,3,3,2,4,5,2,6,3,2,2,4,6,5,5,5,4,4,5,6,1,6,3,2,5,2
5d55ced455906f0001c1bdef,3,4,5,4,3,3,3,4,4,3,3,6,4,4,4,4,3,3,5,1,4,4,6,2,5,4,4,4,4,4,3,5,3,2,6,3,4,3,3,3,4,4,4,4,5,4,4,1,5,4,4,5,2
5d5a7953aaf28300163f7ce0,6,2,6,6,3,4,2,3,5,3,5,6,4,2,5,3,2,5,4,2,5,5,5,5,4,4,5,4,4,4,3,2,6,4,5,1,3,1,4,4,5,6,4,3,6,5,4,1,4,5,2,5,2
5d5c03d98d2a5b0015dfae58,5,1,6,4,5,4,2,5,4,2,3,5,6,5,2,5,2,6,4,2,6,5,6,2,3,6,5,6,4,4,4,4,5,3,5,3,5,1,4,5,6,6,6,5,4,5,6,1,6,4,5,6,2
5d5c28112e9a7a0019bacffa,4,4,5,4,4,2,2,5,4,4,3,4,5,5,4,4,2,4,4,2,5,5,3,4,3,4,4,4,4,4,4,5,4,4,5,3,4,3,5,4,5,4,4,3,4,5,4,1,4,5,5,4,2
5d5d5221d3eeb80017150453,4,4,5,3,2,2,1,3,2,3,5,6,2,1,4,5,1,6,6,4,5,5,4,2,5,1,5,5,5,4,2,5,5,5,5,5,5,3,1,5,6,5,6,6,4,5,5,1,4,5,5,6,2
5d619a3ed9ea5c00198758a0,6,2,5,6,4,6,3,4,4,2,6,6,2,3,3,4,4,4,5,3,5,4,3,4,1,4,5,5,6,2,6,4,6,5,4,2,1,3,4,6,4,5,3,4,6,5,6,2,5,4,2,6,2
5d619def074015001aa03134,5,5,6,5,5,4,2,5,5,2,3,5,6,6,5,5,2,5,5,1,6,6,5,2,4,4,4,5,3,3,4,5,3,6,6,5,4,1,4,2,6,5,5,3,6,6,6,1,5,6,4,5,2
5d6275d78ed74600010e8113,6,5,6,6,5,5,3,4,5,4,3,6,3,3,5,4,4,6,6,3,5,3,4,4,4,5,6,4,4,4,4,2,3,3,5,2,4,1,5,5,6,4,5,4,6,4,5,1,4,4,4,6,2
5d62bd0013b8890019554d41,5,5,5,5,5,5,5,5,4,5,5,5,5,5,5,5,4,5,5,2,5,5,4,4,4,4,3,5,2,4,5,5,5,2,5,5,5,1,5,4,5,5,5,4,5,5,4,1,4,4,4,5,2
5d62e538861eb30001b1cd4a,5,2,4,3,5,5,4,5,4,3,6,4,5,5,5,4,5,4,4,4,4,5,5,4,4,6,4,4,5,5,4,4,5,5,4,5,5,5,4,4,5,6,4,5,4,4,6,1,5,5,4,6,2
5d62eceed989a4001a236e5d,4,5,5,4,5,4,4,4,4,5,2,4,5,4,4,4,4,3,5,2,5,3,4,4,4,2,3,3,4,3,4,4,3,3,4,4,5,2,5,4,4,2,6,3,3,4,5,2,5,5,4,5,2
5d6431522b7a9400190b1650,1,3,6,6,6,1,1,6,6,1,3,6,4,6,6,6,1,6,6,4,6,6,1,6,4,6,6,6,6,3,6,6,3,1,4,1,6,1,6,1,4,6,6,6,6,6,6,1,6,6,5,6,2
5d66bfab80ef58001513b60f,2,3,4,5,4,2,2,5,4,1,2,5,5,4,5,3,2,5,4,1,5,5,5,3,4,2,4,4,2,2,4,6,6,1,4,3,4,2,4,3,5,4,5,3,5,5,4,1,2,6,2,5,2
5d66f5f332588c00014fe00e,5,4,4,5,5,5,2,5,5,3,3,5,5,4,4,5,3,6,5,3,5,6,5,5,2,1,5,6,3,4,3,6,4,4,6,2,4,3,5,5,5,6,5,5,5,6,6,1,6,3,2,5,2
5d670a59aa02520017b1a61e,2,5,5,4,5,2,2,5,2,2,5,6,3,3,5,3,2,6,5,3,5,4,3,4,5,4,4,4,4,2,4,5,4,5,5,4,4,3,4,4,5,6,5,3,4,5,5,1,5,6,2,6,2
5d6906bf2aedf5001509d5f4,5,5,4,5,5,4,2,5,5,3,4,5,5,5,5,4,2,4,5,1,5,5,5,4,4,4,5,5,3,5,4,5,4,3,5,2,4,4,4,4,5,5,4,5,5,5,5,2,4,4,4,5,2
5d6a9117e43d0b0001f5a307,5,2,6,5,6,6,4,4,6,4,4,4,5,3,4,4,4,4,6,5,5,1,3,6,2,4,4,5,4,4,5,2,5,2,5,1,2,3,4,5,6,6,6,4,4,5,6,4,5,2,5,6,2
5d6e9abe5e156a00018de2bc,5,5,6,5,3,2,4,6,5,2,2,6,5,5,6,4,1,4,4,4,5,3,3,4,4,1,5,5,3,5,5,5,5,5,4,2,5,1,5,4,6,5,6,2,5,6,6,1,6,4,6,6,2
5d6ff13f0fbfc50018f710fc,4,4,6,5,5,4,4,5,3,2,3,6,6,5,5,5,3,6,5,4,5,5,5,3,4,4,6,5,3,3,5,5,4,4,5,1,4,3,4,2,5,5,4,2,5,5,5,1,6,5,5,6,2
5d7369a9ff5c0e001952986e,5,3,6,5,6,6,1,5,6,5,5,6,5,4,3,5,6,3,5,2,4,6,2,2,2,3,4,4,5,5,6,6,6,1,4,1,1,3,1,6,4,5,4,6,6,5,4,5,5,4,4,6,2
5d776e218a8d1d00166d36a6,2,4,6,4,6,1,2,6,5,2,3,4,5,5,4,4,2,5,5,1,5,5,5,5,5,5,5,4,4,2,2,6,2,4,5,2,6,2,5,2,4,5,5,4,4,6,6,1,4,6,5,2,2
5d77abcf2e8dcf0001f929f0,3,3,4,4,4,4,4,4,4,4,3,3,4,4,4,3,3,4,4,2,4,4,4,4,4,4,4,3,4,4,4,4,3,3,4,2,4,3,4,3,4,4,4,4,4,4,3,2,4,4,4,3,2
5d77ee935bdfd20015f3b307,4,4,5,3,6,6,2,6,4,1,6,6,6,6,6,5,2,4,5,2,6,5,4,4,6,1,6,5,2,2,1,5,3,6,6,4,5,5,6,4,6,2,6,4,3,6,6,1,3,5,6,6,2
5d78a675b04edb001a089150,6,4,6,4,6,4,2,6,5,4,5,6,4,5,6,6,2,6,6,3,6,4,2,4,5,6,5,4,4,2,3,4,4,5,6,1,6,3,6,4,6,5,6,6,4,5,6,1,6,5,6,4,2
5d78d8ee90a13d001602b49c,5,6,6,5,4,3,2,6,3,2,3,6,6,4,6,4,5,5,6,2,5,5,3,4,2,3,5,5,3,4,4,5,5,2,5,2,5,2,4,2,6,4,5,4,5,5,4,1,6,5,4,5,5
5d7b411b16c9af0001b42540,3,4,3,3,3,4,4,4,2,3,2,4,3,3,6,3,3,3,3,3,4,3,3,5,4,4,3,3,4,5,5,5,4,3,5,3,4,3,5,3,5,4,3,5,4,4,3,1,4,4,4,4,2
5d80a878ec33500001aaaa94,4,4,4,4,4,3,4,3,4,3,4,5,4,2,4,5,3,5,5,2,4,4,3,3,2,4,5,4,3,3,3,4,4,4,4,1,4,3,3,4,4,4,4,5,5,5,4,2,4,4,4,4,2
5d80f06ec7470f0001e8464c,4,2,5,4,3,3,3,4,5,3,4,5,5,2,5,6,3,6,6,2,5,4,4,4,5,4,4,4,2,3,4,4,5,4,4,3,4,2,5,5,5,6,4,2,4,4,4,2,4,5,4,5,2
5d84d32ae404a9001acc9ab2,5,2,6,6,5,3,1,4,2,2,6,5,5,4,5,5,3,5,6,1,4,5,5,4,3,3,5,4,4,3,2,5,4,4,5,2,2,1,1,3,5,4,6,3,6,5,5,1,5,4,4,6,2
5d85994fbbc0800019390cd4,1,4,6,2,6,1,1,6,1,1,5,5,5,5,6,4,3,4,4,1,6,5,6,2,4,1,2,4,1,1,3,5,3,1,6,1,5,2,1,3,6,4,5,4,3,6,6,1,6,5,5,4,2
5d874eab93cb7c0001f0714c,4,4,6,4,3,4,4,5,5,3,6,4,5,4,6,4,3,5,6,2,5,5,2,6,4,5,5,3,4,4,4,6,5,4,5,3,5,3,5,5,5,5,5,5,5,5,5,1,4,5,4,6,2
5d88d722eaa1ae0001c172c3,4,2,6,5,5,2,4,4,4,3,3,6,4,5,6,5,3,5,5,1,5,6,4,6,4,2,4,5,4,2,3,5,6,1,5,2,4,2,4,4,5,4,5,4,6,6,5,1,6,4,4,6,2
5d8934d9a3dd000001ce8676,4,4,6,5,3,5,2,6,4,3,6,6,6,4,6,4,6,4,6,4,6,4,3,3,1,6,5,6,5,6,6,1,5,4,3,3,4,5,4,3,6,6,1,4,6,3,3,1,6,1,4,6,2
5d89f8c385119d0001263f06,6,5,5,5,5,4,1,6,2,2,5,6,5,6,6,4,1,6,6,3,6,6,4,3,1,6,6,6,3,2,6,2,5,5,6,1,5,2,4,3,6,6,5,2,5,6,6,1,5,5,5,6,2
5d8b22baa775520015caa777,6,3,5,5,5,2,2,6,4,3,3,5,5,3,5,5,2,5,5,1,5,3,6,2,5,3,5,5,6,3,1,5,4,5,5,2,3,2,2,3,6,3,5,2,5,2,6,2,3,5,5,5,2
5d8c7194caeeef001985baf6,2,4,3,2,2,5,5,4,4,4,3,2,3,3,1,5,5,5,5,4,5,4,2,3,2,5,4,3,4,4,2,3,4,2,4,4,4,3,5,4,4,6,3,3,3,3,1,4,3,1,3,6,2
5d8d03a1704e2300160ec8a6,5,4,6,4,6,5,1,6,4,4,3,6,6,5,6,5,6,3,6,1,5,5,1,5,5,1,1,6,6,6,6,5,6,1,6,1,6,1,2,6,6,6,6,6,5,6,6,1,6,5,6,6,2
5d8e3f7528a1ca0017bb7f08,5,2,4,4,5,4,4,5,4,3,5,4,3,2,3,5,3,5,5,4,4,4,4,4,2,4,4,2,3,3,4,5,5,4,4,4,2,4,2,4,4,4,4,4,4,5,5,4,2,4,2,6,2
5d8f2d44fab3c70013d7c57a,5,3,4,3,3,2,3,4,5,3,5,5,4,4,4,3,3,5,5,3,5,3,3,2,4,4,3,4,5,3,2,4,3,5,4,5,3,3,5,3,5,5,5,3,4,5,2,3,3,4,4,5,2
5d8f9b03c5f8a30014475997,6,1,6,3,6,5,4,6,5,1,1,6,5,1,6,6,2,6,6,4,6,6,5,1,1,4,6,6,2,4,6,5,4,1,6,2,4,2,6,6,6,2,6,6,4,6,6,1,6,2,1,6,2
5d906cd46ecd0600155804b1,3,3,4,5,5,3,3,4,3,3,5,6,4,3,5,3,4,3,4,2,5,4,5,5,4,4,6,5,4,3,2,4,4,4,5,2,2,3,3,2,5,4,4,5,5,5,5,1,5,4,3,5,2
5d91f37d883e400017de5a65,3,5,5,5,5,5,1,5,4,5,4,6,3,4,4,4,5,4,5,4,5,2,3,2,5,5,6,5,4,4,4,6,4,4,4,3,5,3,4,5,6,5,4,3,2,5,5,4,4,4,5,4,2
5d9202439796b3001772abb1,5,5,3,6,4,3,1,6,3,1,2,6,5,6,6,5,1,5,6,1,6,5,3,6,3,5,4,6,6,2,4,6,6,1,4,1,4,4,3,3,6,5,6,6,4,4,6,1,6,6,4,5,2
5d9354932f8730001a5f8fca,4,4,6,3,4,3,1,6,3,2,4,6,6,6,6,3,3,4,4,2,5,4,4,4,4,4,3,5,4,4,6,5,5,2,6,2,6,1,3,2,5,3,5,3,4,6,6,1,6,5,6,4,2
5d936374253d0a0017f32d96,4,3,5,6,5,1,4,5,4,2,2,4,5,1,4,5,4,6,4,4,3,3,1,4,3,3,5,4,3,5,3,6,4,4,5,3,3,5,2,4,6,5,5,6,4,4,3,2,5,2,5,6,2
5d936aa6f4cf0a0017392671,4,5,6,5,3,4,4,4,4,3,4,4,5,4,4,3,4,6,4,5,5,6,1,6,4,4,6,5,4,3,4,2,5,5,6,1,5,2,5,6,6,2,4,3,5,6,6,4,5,3,4,6,2
5d94744f727fbc0017ef8cd1,4,4,6,4,6,4,4,5,1,1,6,5,5,4,4,1,1,4,6,1,6,5,5,4,4,4,4,5,5,1,4,5,5,5,6,1,4,5,5,1,5,4,5,3,4,5,5,1,5,4,4,4,2
5d95fda51e667f00161f7ea4,5,3,4,4,6,2,1,6,6,4,2,6,5,5,6,5,3,6,6,1,6,4,4,5,4,6,4,6,4,2,4,4,2,3,4,1,3,4,6,4,6,5,6,3,4,3,6,1,4,5,6,6,2
5d984836bf54b503a6bbe9a2,5,1,6,5,4,2,2,5,5,2,2,5,5,5,5,5,2,2,4,4,5,3,1,5,4,5,5,4,2,5,5,2,5,1,5,1,5,1,5,5,5,2,5,4,5,5,6,2,5,3,3,5,2
5d9b4436454c520017bde494,3,6,5,6,6,5,1,5,6,6,5,5,6,4,6,3,3,5,6,5,6,6,6,4,4,5,5,5,3,2,5,6,5,4,5,2,5,1,3,1,6,6,6,5,5,6,6,5,4,6,3,5,2
5da03953b28efd0014afc16d,6,1,6,6,3,4,4,6,5,1,1,6,3,6,6,6,5,6,6,1,1,1,1,6,4,1,6,5,5,3,3,4,6,4,5,1,4,1,1,6,5,6,6,6,6,4,6,1,5,2,6,6,3
5da3416c106746001687393d,5,5,6,6,5,5,1,6,5,1,6,6,5,4,6,6,1,6,6,2,5,5,5,2,5,3,6,6,2,5,6,5,5,2,5,1,6,1,5,5,6,5,5,1,5,6,5,1,5,6,4,4,2
5da34c4372012400133efd3b,5,5,5,4,6,5,2,4,4,4,5,6,4,3,6,6,4,4,5,1,3,3,6,4,5,5,5,6,6,2,3,6,6,2,5,1,3,3,2,5,5,6,4,4,2,6,6,1,5,5,3,6,2
5da5d4ea6f5d4400138def3f,4,5,6,6,6,4,4,5,5,2,2,6,4,5,5,5,3,4,5,5,5,6,3,5,4,5,4,4,3,4,5,4,4,4,5,2,5,1,3,4,5,5,4,4,6,6,6,1,5,5,6,5,2
5da9eddb59f3710012836dae,4,3,4,5,5,2,2,4,4,3,4,5,4,5,5,3,3,4,4,2,5,5,5,2,2,2,5,5,4,4,4,5,5,2,4,2,3,3,3,4,5,2,5,2,4,5,5,1,5,3,3,6,2
5daa07c13b410d0017c55e2f,3,3,4,3,4,3,3,3,4,3,3,4,3,4,4,3,4,3,3,3,3,3,3,3,4,3,3,3,4,4,3,4,3,4,4,4,4,3,3,3,3,3,3,4,3,4,5,3,3,3,3,4,2
5daa322a47b9d20017a2e968,6,5,6,4,5,4,3,5,4,2,4,5,4,5,6,5,4,4,4,4,5,5,3,2,5,5,5,4,5,6,3,5,4,2,5,3,3,3,4,5,4,3,5,4,5,5,5,1,5,4,4,5,2
5dab3128af18d30016c1500d,5,4,5,5,5,2,1,5,5,1,3,5,5,5,6,5,2,5,5,2,5,5,5,4,5,4,5,5,5,2,5,5,2,2,5,2,5,2,5,2,5,5,5,5,5,5,5,2,5,5,5,5,2
5dac6c101c1da300147b5d92,4,4,4,4,2,2,2,3,4,5,2,3,4,4,4,4,5,3,2,2,4,4,1,2,5,3,3,4,4,2,4,5,3,2,5,2,5,1,4,4,6,5,6,5,5,3,4,2,4,4,5,5,2
5dadd3d586aab70011f8f24f,5,5,4,5,6,5,2,4,4,4,4,6,2,3,6,5,5,4,5,3,5,5,4,1,1,4,4,5,6,4,5,4,1,1,5,2,2,4,2,5,6,2,3,3,5,6,6,1,4,5,2,4,2
5daec370e4688e00142ca236,4,5,6,5,6,2,2,4,3,1,6,4,6,4,5,4,4,3,5,5,5,4,4,5,3,4,6,6,4,3,3,2,4,4,4,4,3,6,4,4,5,5,3,5,6,5,6,2,6,3,1,5,2
5daec9633990ed0014564662,3,2,5,4,3,4,3,4,4,2,4,5,4,3,4,4,4,4,5,2,4,3,5,4,4,3,4,5,4,4,4,3,5,2,5,2,3,3,2,5,5,3,4,5,4,5,4,1,4,3,4,5,2
5daf65969975f80015854b5e,4,2,5,2,5,2,3,4,4,3,4,5,4,5,4,4,4,4,4,2,4,3,4,4,4,3,3,4,5,3,3,5,5,3,4,4,3,4,3,3,4,2,4,3,3,3,5,2,4,4,3,5,2
5db050bee16e28001752bc92,1,3,6,4,5,4,1,6,4,1,6,6,2,6,6,6,4,6,6,1,6,5,6,2,5,5,5,6,4,4,4,6,5,2,6,4,5,4,5,5,6,6,5,6,5,6,6,1,4,2,3,6,2
5db0b4dcf4fc9f0015c2ab53,5,5,6,6,3,5,4,4,3,4,5,3,5,5,6,6,5,5,6,3,5,6,2,3,6,5,6,5,5,5,5,6,5,3,5,5,4,2,4,5,6,6,6,5,5,5,5,2,5,5,5,6,2
5db1bba0e20f58000b8717f6,5,4,6,5,5,3,2,5,3,3,4,5,5,4,5,4,3,3,5,3,5,6,2,5,5,6,5,4,3,3,1,5,5,2,6,2,5,1,3,4,5,6,5,6,5,6,6,2,5,5,6,5,2
5db35c6cd14d3d000a07f3f6,4,5,5,4,5,5,1,6,5,5,4,5,4,6,5,5,2,5,5,1,5,5,5,4,5,5,5,5,5,3,3,5,5,4,5,2,5,3,5,4,5,5,5,5,5,5,5,2,5,6,5,6,2
5db396d5b449ad000cbfc38c,5,4,2,4,4,4,3,5,5,4,2,5,4,4,4,4,5,4,4,3,5,4,3,2,3,4,5,3,4,3,4,4,4,2,5,2,3,5,4,4,5,4,5,4,4,4,4,1,5,6,3,5,2
5db5a18f1fe3db000c92eb14,5,4,5,5,5,5,4,5,5,3,2,5,3,5,6,5,3,5,5,3,6,5,6,4,2,5,5,6,2,3,5,4,4,1,6,2,2,2,5,5,5,4,5,5,6,6,5,1,4,4,3,2,2
5db5c372dcda92000c4db702,5,4,5,5,5,3,2,5,3,2,5,6,5,4,6,5,4,4,4,2,4,5,4,3,3,4,4,5,4,4,5,3,4,2,5,3,2,2,2,4,5,5,5,4,5,5,5,1,6,4,2,6,2
5db6b70cc48d1f000a11f766,6,6,6,6,5,5,1,5,6,2,3,6,5,6,5,6,1,5,6,1,6,6,5,1,3,4,6,6,3,2,3,6,6,4,6,1,3,1,6,4,6,6,6,4,6,6,5,1,4,3,4,6,2
5db6fbd992a62e000c1d47d5,3,3,3,3,3,3,3,4,4,3,4,3,4,5,4,4,3,3,4,4,3,4,2,2,3,3,4,4,4,4,3,5,3,4,4,3,5,4,4,4,5,3,4,3,4,3,3,3,4,4,4,4,2
5db74911fe9521000b21f667,5,3,5,6,5,5,5,4,6,5,4,4,4,6,4,4,3,4,4,3,5,6,5,4,5,4,2,2,5,3,5,5,3,1,4,5,5,1,3,4,6,5,6,4,3,4,3,2,2,4,6,6,2
5db782f5e757dd000d27a3f0,4,3,5,4,3,4,3,4,5,4,2,4,5,4,5,3,3,3,4,1,4,4,3,5,4,4,4,4,4,3,4,4,4,3,4,2,4,1,4,5,4,4,4,5,4,4,4,1,4,3,2,6,2
5db81d49c254ae000c084869,5,3,4,5,5,4,1,6,2,4,5,5,5,5,4,2,2,6,5,2,5,5,3,3,4,1,5,4,6,1,6,4,4,4,4,1,4,3,2,2,6,4,4,3,3,6,5,2,6,6,5,6,2
5db8f7199e4388000db3d457,4,4,6,6,6,2,1,5,4,2,5,6,5,4,6,6,1,4,6,1,6,6,5,4,5,5,6,6,4,2,1,4,2,5,6,1,4,1,4,6,6,6,6,5,6,6,6,1,5,4,4,6,2
5db95ab98f3368000c8922f4,5,2,5,5,4,6,2,5,5,5,1,6,4,2,4,4,4,6,4,4,5,4,1,5,3,5,6,2,5,4,6,5,6,3,3,1,3,3,5,5,5,5,5,2,6,4,4,1,6,5,1,6,2
5db9870052e7df000a11af99,5,4,5,3,3,4,3,4,3,2,3,5,5,4,5,5,4,1,4,3,4,4,5,3,4,3,3,4,4,4,4,5,5,4,5,2,3,1,3,2,4,4,3,4,5,5,6,1,5,3,3,6,2
5db99f0f8929c2000b56bda5,5,1,6,4,6,4,3,5,3,2,4,5,4,3,5,5,3,4,5,2,3,4,3,4,3,2,4,5,5,3,2,5,2,5,5,2,1,1,3,5,5,6,5,3,5,6,6,2,4,2,4,6,2
5dbacc2c4ea3b20e251ff647,4,4,6,5,6,4,3,6,3,3,3,6,6,6,6,5,3,3,4,1,5,4,4,3,5,6,5,4,2,2,5,6,4,2,5,1,5,1,3,4,6,4,5,5,5,6,6,1,6,5,4,5,2
5dbd6f66ecdd3f2b18dc2580,4,3,5,4,5,1,2,4,3,1,5,5,6,3,5,4,3,4,5,2,5,4,5,4,4,3,4,5,4,1,1,5,4,4,5,3,6,2,4,3,4,4,5,2,3,2,5,1,5,5,3,4,2
5dbefeee3da0363a5ee5c595,6,4,4,6,5,6,3,4,3,2,5,6,5,4,6,2,3,5,4,3,5,4,3,3,3,4,4,5,3,4,6,4,5,4,5,1,2,3,2,5,5,4,6,2,5,4,5,1,6,6,1,6,2
5dc01fe54a8eb446a9885261,6,5,4,4,5,6,2,5,4,4,5,6,1,2,5,4,5,6,4,2,6,4,4,4,4,3,6,5,4,6,6,5,6,2,5,1,4,4,2,6,5,3,5,2,3,5,6,3,5,5,2,6,2
5dc0856370d51c032949d2db,5,4,6,6,5,5,4,5,5,3,6,6,4,3,6,5,5,5,2,2,6,4,4,3,5,6,5,4,4,4,6,2,6,1,6,1,1,1,4,6,6,6,5,4,6,5,6,2,4,4,2,6,2
5dc19ce8317aa410694e6890,4,6,6,6,5,2,1,6,1,1,4,6,6,6,6,3,1,5,5,1,6,6,6,5,5,1,3,6,5,2,4,5,4,5,6,2,4,1,4,3,6,6,5,2,5,6,6,1,5,6,4,5,2
5dc2138fa6eae3172e89d7eb,2,4,4,2,5,2,3,6,2,1,4,3,5,6,4,5,2,4,4,4,5,5,3,4,4,4,5,4,3,1,1,6,4,4,6,1,6,1,3,5,4,5,4,2,6,5,5,1,5,3,5,5,2
5dc33f755cb36e260a5598c0,5,5,5,5,4,5,2,4,4,2,2,5,4,4,5,5,6,3,4,1,5,3,3,2,3,3,5,5,4,5,5,4,6,2,5,2,2,2,4,5,4,3,5,5,6,4,2,2,5,4,5,3,2
5dc33fe8b8a4b025b7b20b62,5,4,4,4,4,4,4,5,4,3,4,4,4,4,4,3,4,5,4,3,4,5,3,2,4,4,4,4,4,3,4,4,4,2,4,2,4,3,2,5,4,2,4,3,4,4,5,2,3,4,4,4,2
5dc373b7f7353027d3177117,6,5,4,6,4,5,4,2,5,2,6,6,2,2,5,5,5,5,5,5,4,5,2,4,3,2,5,4,2,6,5,2,6,4,3,1,2,2,4,6,4,5,3,1,6,4,5,1,5,2,1,6,2
5dc46f5b61384b4581168353,4,5,6,6,3,2,3,5,2,1,4,5,4,5,4,4,4,4,5,2,5,5,4,6,4,4,5,4,4,4,5,5,5,3,5,2,3,1,5,4,5,4,4,3,6,5,4,1,5,5,4,5,2
5dc85b2d317aa45ddbfa7d1b,5,5,6,6,6,2,1,6,4,1,2,6,6,6,6,5,1,4,5,1,6,5,5,4,5,4,4,6,6,3,4,5,3,3,6,1,6,1,4,2,6,3,6,5,6,6,6,1,6,6,6,5,2
5dc88e3ff9d4a05f4b5d6d43,5,6,6,6,6,1,1,6,4,2,3,6,5,5,6,5,1,4,4,1,5,5,4,6,3,4,3,6,1,2,5,6,1,2,6,3,5,1,6,1,6,5,6,5,5,6,6,1,4,6,6,5,2
5dc9ef9a5d81cd71153f8f70,4,4,6,5,5,3,1,5,4,2,3,6,3,6,6,6,2,6,5,1,4,6,5,2,4,3,5,5,3,2,5,5,5,5,6,3,3,1,2,3,6,5,5,2,4,5,6,1,4,5,6,6,2
5dcaca406f3f1679d7a65c67,4,6,6,6,6,4,2,6,5,2,3,6,5,3,6,4,1,4,5,2,5,4,4,5,4,5,5,5,2,4,5,6,4,1,5,1,4,1,4,5,5,5,6,2,5,6,6,1,4,4,5,4,2
5dcaf79948e7867d0b6fca55,3,1,5,3,5,5,1,5,5,4,4,6,5,2,4,4,2,5,5,4,4,5,1,4,2,6,4,5,5,3,4,3,4,3,5,2,5,3,5,4,5,3,3,5,5,4,5,2,4,5,4,4,2
5dcb6fb005be6f8311d7e836,5,2,5,5,5,5,2,5,4,3,5,6,4,4,5,3,5,5,2,3,5,4,2,6,4,5,2,6,5,6,6,5,6,1,5,1,3,3,1,6,4,5,3,4,4,6,5,2,6,2,2,6,2
5dcbf9a64d2b66887f0d98f0,4,4,6,5,3,4,4,4,4,4,3,5,4,3,3,5,4,3,4,3,5,4,3,5,3,4,5,5,5,2,4,5,4,4,5,2,4,3,4,5,6,4,5,4,5,5,5,2,4,3,3,6,5
5dcc5e21fc1cda8e269566ff,3,5,6,5,4,3,4,5,4,4,1,6,5,5,5,4,3,4,4,1,4,5,5,4,4,2,3,3,4,2,5,4,4,5,4,3,5,1,3,4,5,5,5,5,6,4,6,2,5,5,5,6,2
5dcc8459bfb31a920381996e,6,2,2,6,6,5,1,6,2,1,6,6,4,4,6,6,2,6,5,5,2,4,6,4,2,6,5,4,3,2,2,3,5,5,5,1,1,5,1,4,6,6,6,4,5,6,6,1,4,2,1,6,2
5dcd52be513f51026ad5acf5,5,4,5,3,3,6,3,5,5,5,4,4,5,4,5,4,4,5,4,3,5,5,2,1,3,3,5,5,5,4,6,5,6,4,5,2,4,3,4,6,5,3,4,5,5,5,5,1,5,3,4,5,2
5dce70e14e306707ee1747ad,4,3,6,5,5,3,1,5,3,2,5,4,5,4,6,4,3,2,3,1,4,4,5,4,3,4,4,5,4,5,5,5,4,2,4,2,3,3,4,4,6,5,4,5,6,4,6,3,4,5,5,6,2
5dcecb80b48da301606e9b1a,4,4,5,5,5,4,3,4,3,2,3,5,5,5,5,5,2,3,5,1,5,5,5,4,4,4,4,5,5,4,4,6,4,2,5,3,3,3,4,4,5,4,5,4,4,6,6,1,6,5,4,5,2
5dcef784e6e6d8000cc6095e,4,5,5,5,5,2,1,5,4,2,3,5,5,5,6,5,2,4,5,2,6,6,5,5,5,5,5,5,2,2,4,5,4,3,6,3,4,2,4,4,5,5,6,3,4,5,5,1,5,4,5,5,2
5dcf0761523df0058e0ce496,5,4,4,5,5,4,2,5,5,4,4,5,3,1,6,4,2,5,4,1,5,5,5,4,5,4,3,5,2,4,5,4,2,2,5,2,4,2,5,3,5,6,5,5,5,4,3,2,5,5,5,5,2
5dcfc4a09595a10cd3ef3e59,4,3,6,6,4,1,2,6,2,2,2,6,5,5,6,5,2,5,2,2,6,2,1,3,3,2,6,4,5,6,6,4,6,2,5,2,5,2,4,6,6,6,5,2,6,5,5,1,4,2,5,5,2
5dcfd4128cf2f90e218a7fb3,5,5,6,6,5,4,2,5,4,2,3,6,6,4,6,6,2,2,5,1,5,5,5,4,5,1,5,5,2,4,5,6,5,3,5,1,5,1,5,6,6,5,6,6,6,5,6,1,6,5,2,6,2
5dd0409d9ca8a312350a4118,6,3,4,5,4,6,1,4,3,3,6,5,4,2,5,5,2,5,4,2,5,3,2,2,1,6,6,4,4,5,5,3,6,1,5,1,3,2,2,6,4,3,5,2,5,5,6,1,5,6,1,6,2
5dd11840d690721b2469a344,6,5,4,6,4,3,1,4,5,3,6,6,4,5,6,2,6,5,5,5,4,6,3,1,3,4,4,5,2,4,5,5,4,2,5,1,3,2,2,6,5,3,4,4,6,5,4,1,6,4,4,6,2
5dd25456cc192027096069bb,3,4,4,2,5,2,1,2,5,3,4,4,3,3,2,4,3,6,4,1,3,5,5,1,2,2,3,3,1,4,2,6,5,5,3,3,3,2,4,2,5,3,6,5,2,2,6,1,2,6,3,4,2
5dd2bbbe80123f2c77cc0f84,6,5,6,6,6,4,2,3,2,3,4,6,4,4,6,4,2,5,4,1,6,5,2,5,4,5,6,6,2,4,5,5,6,4,6,1,1,1,4,5,6,6,6,2,6,4,6,1,3,5,4,6,2
5dd2f9943683dc30a1148f02,4,5,5,5,6,2,3,6,3,1,5,6,5,5,6,3,4,4,5,4,3,5,1,4,4,2,4,5,1,3,4,4,5,2,4,3,3,2,3,4,6,6,4,3,5,5,5,1,6,4,3,6,2
5dd3a91923f9f139cfba662a,4,4,5,4,6,5,1,5,4,1,6,5,2,2,5,6,3,6,5,2,6,6,4,2,5,4,5,6,4,4,5,6,5,2,4,3,2,2,2,6,5,6,5,3,6,6,6,1,4,5,2,5,2
5dd45d347cc97345633b339c,6,4,6,6,4,4,1,6,3,2,5,6,4,5,6,3,2,5,4,1,5,4,3,3,4,4,5,3,4,3,5,4,5,3,6,1,4,1,3,5,5,6,4,6,6,4,5,1,6,4,3,6,2
5dd46163c0823f4503b59566,4,1,5,6,5,5,2,4,2,2,4,5,5,3,4,5,1,3,4,3,4,5,2,5,3,1,4,4,4,4,4,3,5,2,4,3,2,3,3,4,5,5,5,5,6,5,4,1,4,3,5,6,2
5dd542899255ed4e9611015a,4,2,6,6,6,4,3,5,4,3,5,4,4,3,6,5,4,5,4,2,4,3,3,3,3,3,4,4,3,3,5,3,5,3,4,2,5,3,3,6,4,4,4,4,4,4,6,1,2,3,4,4,2
5dd56635b51b3e52056eb463,6,2,6,6,5,5,1,5,4,1,5,6,2,5,6,5,1,5,6,2,5,5,3,2,3,3,6,3,4,6,3,5,6,4,6,1,2,2,1,5,5,4,4,1,6,6,5,1,5,5,2,6,2
5dd6e0d686411b682f620fd7,4,5,6,4,5,4,4,5,5,6,3,5,4,4,6,2,5,2,5,2,5,5,3,3,3,6,6,5,3,5,4,4,6,4,6,3,1,2,2,4,5,4,5,5,4,5,5,3,4,5,4,6,2
5dd6fd26a0f99f000d914736,3,4,5,4,5,2,2,5,4,3,3,6,5,2,4,3,3,5,4,1,4,4,2,3,2,3,5,5,2,3,2,3,2,6,5,4,6,1,4,4,4,5,3,5,5,5,5,2,4,3,5,6,2
5dd956da929d5d8dc0feb9c4,2,4,6,4,5,2,3,6,3,2,4,5,5,5,5,3,2,3,4,2,5,5,5,5,5,2,4,5,4,2,3,5,4,1,5,1,5,1,4,2,5,3,5,5,5,6,5,1,4,5,4,3,2
5ddaf445c944d1a513fab6c4,5,5,4,6,4,5,2,5,5,4,4,5,4,4,2,4,2,4,5,5,5,5,4,4,1,5,6,4,4,3,6,4,6,1,5,1,4,2,6,4,5,5,5,1,6,5,6,1,6,4,4,5,2
5ddc42cef25bc8000a201df6,6,4,5,4,5,1,1,5,6,1,6,4,3,3,6,4,6,6,6,1,6,6,4,6,1,6,6,4,6,6,6,4,6,4,6,1,5,2,4,6,3,6,5,1,4,6,6,2,6,5,5,5,2
5ddd527182569aca707b909c,4,2,4,5,5,2,5,6,2,3,5,6,5,5,6,4,4,5,5,4,5,5,5,5,5,5,6,4,1,5,2,6,5,3,3,3,2,4,4,6,4,6,4,3,5,2,5,3,6,3,3,6,2
5ddd675deb3973cbee9e415c,2,2,6,6,4,2,6,6,3,5,6,6,2,3,4,6,1,6,5,3,4,6,6,4,3,4,6,3,6,2,2,6,5,6,5,2,3,5,6,6,6,5,6,2,5,6,5,3,6,6,2,6,2
5ddd735086411bce8234b28f,4,4,6,5,4,4,4,4,3,3,5,5,3,4,3,3,2,4,5,4,5,4,5,4,2,4,4,5,5,2,5,5,5,3,5,2,4,1,3,4,5,4,6,4,5,4,4,3,5,5,4,5,2
5ddd814fb98887cf56dd871b,4,1,2,1,5,6,6,6,6,3,4,6,4,1,6,6,4,3,6,4,6,4,5,4,2,1,6,6,6,1,6,4,6,1,4,1,6,1,6,4,6,3,6,4,6,6,4,1,6,1,6,5,5
5ddeaaf9f30aa6e2e945abba,1,6,4,5,5,4,4,5,1,2,3,5,2,1,3,5,1,6,6,5,5,5,3,5,5,1,5,1,2,3,1,6,1,1,2,2,2,2,2,4,5,6,5,3,2,6,6,2,5,5,3,6,2
5ddeefcd1228d9e622e46442,4,5,6,2,5,1,1,5,2,2,3,6,6,4,6,3,2,2,5,2,6,5,6,2,5,2,4,5,6,4,4,6,4,3,6,3,6,1,2,5,5,4,5,5,4,6,5,1,5,5,5,5,2
5ddfbad09d0ad7026b231bb2,5,6,6,5,6,3,5,5,5,5,2,6,6,5,6,4,4,4,4,2,5,5,3,4,4,4,5,5,5,2,4,6,4,4,6,1,6,1,5,5,5,5,4,4,5,5,6,1,5,5,5,6,2
5ddfc5a904ba3e03e96a5bd7,5,4,5,5,4,3,2,5,5,4,5,5,4,5,6,4,2,5,5,2,5,2,3,4,4,5,4,4,4,5,4,3,6,2,5,1,4,2,6,5,5,4,2,3,5,5,4,1,3,3,5,6,2
5de1911b725abb1f3cdd4004,5,5,2,4,2,3,5,3,4,4,5,4,2,2,2,3,2,4,3,3,5,3,5,2,5,4,3,2,2,3,6,5,2,2,3,2,5,5,4,5,5,3,5,3,4,3,1,4,1,4,3,5,2
5de2d96e44b3123049ab4bb4,4,6,5,4,4,4,3,4,4,3,5,4,3,2,5,5,3,5,5,4,4,4,4,3,5,5,4,4,3,4,3,4,4,4,4,3,2,2,4,6,4,5,4,3,4,5,4,1,5,5,4,5,2
5de3a02d1efe513ae51e531f,4,6,6,6,6,1,1,6,6,2,1,5,5,2,6,6,1,6,6,2,6,4,2,5,4,5,5,6,1,1,2,6,5,4,6,1,5,1,6,6,6,5,6,3,4,6,6,1,3,3,4,5,2
5de4eed1eddfc947ef07f097,4,4,5,3,4,5,4,5,4,3,2,5,4,4,5,4,4,4,4,4,4,4,4,4,4,5,4,5,2,3,6,6,4,1,5,2,4,2,3,5,4,3,5,3,5,4,4,1,4,4,4,5,2
5de4f1a3521f954934d8a5ab,5,2,6,5,5,4,1,6,4,1,2,5,4,5,5,6,2,4,6,1,5,5,3,5,3,6,5,4,5,4,5,6,4,3,6,2,4,1,5,4,6,6,6,4,6,6,6,1,3,6,5,5,2
5de66395047da35de324deed,4,5,5,4,5,4,3,5,4,3,4,6,5,4,6,4,3,4,4,3,5,5,4,3,3,4,4,4,4,4,4,4,4,4,5,3,5,3,4,3,4,3,4,4,4,5,5,1,4,4,3,4,2
5de6c610e4b8c5642cde39d9,5,4,5,6,6,3,1,4,4,3,5,5,4,4,5,4,4,5,5,3,4,4,3,4,3,5,5,4,4,5,4,6,6,3,5,1,3,2,1,6,4,6,3,4,6,6,6,2,4,4,3,5,2
5de82b76996ad108416bb0cf,4,4,6,4,5,2,2,5,3,2,3,6,5,5,6,4,2,4,4,1,5,5,5,4,4,2,5,5,4,4,4,5,3,4,5,2,3,2,3,3,5,4,5,4,5,4,5,1,6,5,4,5,2
5de93d9ae045e206b871af2c,6,2,6,6,5,4,1,6,4,4,4,6,5,6,6,6,4,5,4,1,6,6,3,4,4,6,6,5,6,6,6,5,6,2,6,2,6,1,2,6,6,6,3,2,6,6,6,1,5,5,6,6,2
